Website name,Cleaning date,Cleaning time,links,Number of words Cleaned,Cleaned Text
MyFitnessPal,4/26/2024,11:38:21,https://blog.myfitnesspal.com/kimchi-reduce-risk-of-obesity-study/,438,amanda oliver decade experience commerce medium specifically product testing service journalism lifestyle health wellness outdoor space amanda currently executive editor commerce field stream also ryt yoga teacher nasm cpt personal trainer katherine basbaum m rd food data curator myfitnesspal received master nutrition communication friedman school nutrition science policy tuft university completed dietetic internship uva health also work nutrition counselor cardiology patient past year kimchi become one trendier health food traditional korean dish made fermented cabbage andor radish started popping everywhere taco folded fried rice even bloody mary people touted flavor also health benefit there potentially another valid reason eat new study south korea reported kimchi reduce risk obesity go raiding asian aisle nearest grocery store talked registered dietitian katherine basbaum m rd find whether study really accurateand whether kimchi prevent obesity study published medical journal bmj open researcher evaluated korean adult age found surveyed men consumed one three serving cabbage kimchi per day lower risk obesity compared men ate le one serving per day additionally woman age group ate one three serving radish kimchi per day experienced lower risk abdominal obesity didnt whats special kimchi katherine say lactic acid bacteria lab probiotic derived unique fermentation process like many probiotic lab boost immune system reduce inflammation improve digestion also potentially help prevent certain condition cold congestion cancer heart disease katherine describes kimchi flavorful low calorie highfiber side dish however caution kimchi high sodium mindful youre watching salt intake there denying kimchi part healthy diet whether prevents obesity thats debate katherine pointed big flaw particular study kimchi isnt answer though unfortunately specific food proven play significant role lowering obesity risk definitely dietary strategy help katherine say like tracking food myfitnesspal help also read simple change could help weight loss recommends limiting energy dense food food high fat sugar calorie think anything processed instead opt low energy dense foodslike fruit vegetable whole grainsthat high water andor fiber keep fuller fewer calorie always moderation key study conclusion researcher reported excessive consumption suggests potential increase obesity prevalence much good thing isnt always good thingeven youre eating something good like kimchi amanda oliver decade experience commerce medium specifically product testing service journalism lifestyle health wellness outdoor space amanda currently executive editor commerce field stream also ryt yoga teacher nasm cpt personal trainer katherine basbaum m rd food data curator myfitnesspal received master nutrition communication friedman school nutrition science policy tuft university completed dietetic internship uva health also work nutrition counselor cardiology patient find healthy happy use first third party cooky make site work required cooky analytics functional cooky personalize content ad advertising cooky may opt use certain cooky read use cooky choice privacy policy
MyFitnessPal,4/26/2024,11:38:21,https://blog.myfitnesspal.com/a-dietitian-reacts-to-tiktoks-viral-glycine-trend/,379,amanda oliver decade experience commerce medium specifically product testing service journalism lifestyle health wellness outdoor space amanda currently executive editor commerce field stream also ryt yoga teacher nasm cpt personal trainer katherine basbaum m rd food data curator myfitnesspal received master nutrition communication friedman school nutrition science policy tuft university completed dietetic internship uva health also work nutrition counselor cardiology patient glycinea single compound found foodsis taking tiktok storm compound rise recently went viral social medium thanks infomercial targeted towards glycine girlies niche group young woman obsessed upandcoming supplement sparked conversation plenty people wondering exactly isand whether worth taking help answer question spoke one registered dietitian katherine basbaum dig science glycine one amino acid building block protein body considered nonessential amino acid since body produce glycine opposed essential amino acid obtained dietary source basbaum explains said amount glycine body produce often isnt enough meet daily need buy glycine supplement amino acid also naturally found proteinrich food like meat poultry fish legume glycine main function help promote growth health cell body basbaum explains however research shown may additional benefit consuming amino acid include much glycine need benefit well there official dietary reference intake nonessential amino acid matter however study suggest intake gram per day basbaum say average adult currently consumes gram per day might also likea dietitian reacts oatzempic tiktok trend want glycine intake basbaum recommends prioritizing protein diet good way ensure adequate amino acid intake dietary protein meat poultry seafood egg dairy soy product bean legume say track protein intake myfitnesspal app get good idea current consumption level trendy glycine supplement might see tiktok basbaum advises instead stick real food typically get nutrient body need balanced diet often safer bet dietary supplement regulated rigorously fda caution amanda oliver decade experience commerce medium specifically product testing service journalism lifestyle health wellness outdoor space amanda currently executive editor commerce field stream also ryt yoga teacher nasm cpt personal trainer katherine basbaum m rd food data curator myfitnesspal received master nutrition communication friedman school nutrition science policy tuft university completed dietetic internship uva health also work nutrition counselor cardiology patient find healthy happy use first third party cooky make site work required cooky analytics functional cooky personalize content ad advertising cooky may opt use certain cooky read use cooky choice privacy policy
MyFitnessPal,4/26/2024,11:38:23,https://blog.myfitnesspal.com/quality-of-calories-more-important-than-quantity/,420,youre trying lose weight almost impossible bite rice cake without offered diet advice cut carbs limit fat drink shake name one approach better another christopher gardner phd professor medicine stanford university wanted find might surprised hear quality calorie matter research published jama compared effectiveness lowcarb lowfat diet weight loss researcher followed overweight adult month discovered average dieter group lost similar amount weight following lowfat diet lost pound following lowcarb diet lost pound isnt one diet everyone within group significant difference participant fared diet dieter lost much pound others gained weight leading gardner explain isnt one diet everyone although prescribing specific diet might effective weight loss research revealed important information participant asked consume specific number calorie asked lower fat carb intake depending group choose whole food including vegetable minimize added sugar refined grain followed advice focusing quality calorie consumed quantity lost significant amount weight regardless whether diet lowcarb lowfat steelcut oat kale lowfat soda white bread oat kale likely filling satiating avocado nut lowcarb lard butter meal made avocado nut may filling satiating gardner explains focusing healthier satiating food helped dieter feel full eating le earlier jama study reported similar result overweight adult assigned follow one three diet lowfat lowcarb lowglycemic index four week participant instructed replace grain starch vegetable legume fruit healthy fat dieter lost weight chose fewer carbs ate highquality calorie sped metabolism burning additional calorie per day number calorie burned hour moderateintensity physical activity quality food eat fundamental effect hormone metabolism even expression gene throughout body type calorie consume affect number calorie burned word metabolic perspective calorie alike body explains dr david ludwig codirector new balance foundation obesity prevention center boston childrens hospital quality food eat fundamental effect hormone metabolism even expression gene throughout body read notsosecret key weightloss maintenance course number calorie consume still matter gardner belief important people choose food make feel full satisfied rather obsessing hitting certain number calorie yes losing weight involves eating fewer calorie isnt simple eat le depressing either say would consider quality component foundational kind diet eating pattern whether trying lowfat lowcarb paleo vegan mediterranean another diet finding combination lowfat lowcarb meal menu enjoyed could enjoy life support weight goal originally published april updated august ready take next step unlock myfitnesspal premium access custom goal setting quicklog recipe guided plan registered dietitian premium user likely reach weight loss goal find healthy happy use first third party cooky make site work required cooky analytics functional cooky personalize content ad advertising cooky may opt use certain cooky read use cooky choice privacy policy
MyFitnessPal,4/26/2024,11:38:24,https://blog.myfitnesspal.com/the-health-benefits-of-chocolate/,721,chocolate season valentine day around corner deep dark delicious sweet treat splashing way across shelf corner nearly every food market gift shop benefit chocolate touted across packaging headlined countless article including one chocolate really superfood measuring alongside blueberry green tea chia seed here know numerous study found dark chocolate highly nutritious rich antioxidant potential improve blood flow lower blood pressure raise good hdl cholesterol lower risk heart disease enhance skin quality reduce inflammation even improve blood flow brain fact chocolate historically eaten purported healing property american spend billion billion exact dollar chocolate annually equate billion touted health benefit exactly eat lot commercially available chocolate reap benefit know come lot commercial chocolate lot calorie chocolate like thing healthiest whole pure form however chocolate come packaged way chocolate dark milk nib bar chip cocoa powder cacao yes even white begin journey fruit cacao tree seed grow inside fruit called cacao also cocoa bean harvested seed fermented dried roasted develop flavor inner nib true star nutty earthy crunchy texture chocolate bar product available consumer nib ground create chocolate liquor nothing cocktail get mixed sugar milk powder ingredient like lecithin spice vanilla create different flavor texture way work chocolate balanced healthy diet yes exactly simple nibbling chocolate bar chocolate get mashed blended processed le potent power antioxidant power flavonoid type polyphenol found naturally plant help protect environmental toxin repair damage theyre extra potent antioxidant found highly concentrated cocoa bean fruit high dos powerful compound carry antioxidative antiinflammatory anticarcinogenic property may prevent cellular damage weight cocoa powder flavonoid thats rich heart helper flavonols main flavonoid found cocoa bean theyre also responsible bitterness often taste raw chocolate flavonols particularly beneficial heart improving blood flow increasing circulation reducing risk clotting potentially lowering blood pressure good gut builder two potent flavonols chocolate epicatechin catechin increase blood antioxidant activity decrease oxidative stress may even promote better gut health presence epicatechin catechin may improve quality bacteria gut microbiota increasing good bug reducing number pathogenic bacteria darker chocolate better effect reduced combined milk immunity booster antioxidant cocoa bean help reduce oxidative stress inhibiting lowering amount free radical blood stream free radical ability send immune system overdrive brain booster theobromine caffeine moodandenergyboosting component found chocolate substance block adenosine receptor helping feel alert adenosine bind receptor slows neural activity begin feel sleepy study even say chocolate promotes production serotonin good mood stabilizer also contains phenylalanine love molecule reality compound found small quantity chocolate eat likely experience undergo eating chocolate moment instantly satisfying food craving responsible euphoria often feel nibbling bite chocolate cake eat yes darker le sweet chocolate better benefit consuming chocolate varied form cacao nib pure form actually one healthiest form chocolate rich flavonoid antioxidant cacao nib also high protein fiber gram fiber gram protein tablespoon nib arent sweet cacao nib contain fiber fat nutrient cacao bean raw rare form chocolate contains sugar sugar added processing nib earthy slightly bitter crunch much like coffee bean cocoa powder cacao difference made removing cocoa butter liquor come crushed nib basically concentrated source flavonoid polyphenols higher percentage cocoa powder chocolate mean greater antioxidant potential power unlike form chocolate cocoa powder low calorie per tablespoon also rich mineral like magnesium copper iron cacao powder similar closer raw state cocoa powder cocoa go additional layer highheat roasting processing dutch processing remove bitterness also antioxidant still incredibly healthy cacao powder often considered one highest source antioxidant find here chocolate start get complicated every bar different lot sugar milk solid fat even additive mixed raw healthy chocolate mentioned mitigating diluting benefit bar cacao going concentrated source flavonoid polyphenols highquality bar thats concentrated often satisfy sweet craving bite two find dark bar love nibble sensibly aiming increase antioxidant intake category sweet likely best place find myfitnesspal quite library betterforyou baked good contain chocolate better steering clear food contain lot added sugar calorie refined flour cocoa bean whole form chocolate bar carry health benefit processed chocolate fewer benefit really want increase antioxidant intake work powder nib healthy dish boost flavor benefit originally published february updated february ready take next step unlock myfitnesspal premium access custom goal setting quicklog recipe guided plan registered dietitian premium user likely reach weight loss goal find healthy happy use first third party cooky make site work required cooky analytics functional cooky personalize content ad advertising cooky may opt use certain cooky read use cooky choice privacy policy
MyFitnessPal,4/26/2024,11:38:24,https://blog.myfitnesspal.com/ask-dietitian-whats-deal-starvation-mode/,704,julian selemin medical ethnobotanicals writer several year experience industry ba language currently majoring contemporary music stephanie tarnacki rd food data curator myfitnesspal received bachelor dietetics university northern colorado completed dietetic internship montana state university experience extends adult neonatal intensive care diabetes kidney weight management school nutrition menu compliance body smart come surviving harsh condition fantastic somewhat infamous example adaptive thermogenesis commonly known starvation mode starvation mode role play weight loss journey here need know concept starvation mode simple dont eat enough body believe youre starving turn body may maintain weight fat attempt preserve energy making harder lose weight starvation mode happens substantial caloric deficit maintained extended period exact timeline vary depending several factor one study show happen week extreme daily caloric restriction there getting around body need calorie work correctly dont eat enough body slip adaptive thermogenesis scientific term starvation mode slow whole metabolism causing several side effect become noticeable longer maintain calorie deficit here quick rundown common starvation mode symptom exact symptom may vary person person usually accompanied general decrease weight loss rate start experiencing side effect contact doctor nutritionist soon possible starvation mode metabolic rate may decrease significantly especially lose much weight quickly metabolic rate refers number calorie burn daily making crucial caloric intake outtake formula exact number vary depending fast lose body weight good rule thumb adaptive thermogenesis kick one week severe caloric restriction restricting total daily energy intake basal metabolic rate bmr bmr amount energy calorie body need basicsbreathing circulating blood regulating body temperature repairing cellswhen rest think calorie youd burn stayed bed day affected thing like age sex weight height body composition even gene according registered dietitian scientific advisory scott keatley calorie absolute bare minimum human body need daily aka lowest bmr even someone foot pound need anything beyond blink say intermittent fasting different starvation mode first fasting done predetermined amount time preventing going adaptive thermogenesis put simply fasting controlled shortterm caloric deficit starvation mode automatic mechanism kick longterm lowcalorie diet intermittent fasting beneficial providing several health benefit reducing oxidative stress boosting brain function starvation mode hand sign damage body due extended caloric deficit remember consult physician starting new diet regime including intermittent fasting ensure right lot anecdotal evidence intermittent fasting helped people lose weight alongside healthy whole food diet first maybe frustrating side effect lowcalorie diet starvation mode cause weight loss rate stall quickly become catch eat le youre losing weight dont lose weight youre eating enough time starvation also cause muscle mass decrease due overall reduction calorie weight energy similarly overall body temperature drop body starvation mode extended period also vulnerable illness wound risk anxiety irritability depression also rise may even develop feeling guilt shame surrounding food longterm starvation mode side effect think may starvation mode suggest notify doctor right away let face losing weight challenging desperation lose weight quickly lead decision may work short term harmful long run avoid aggressive approach weight loss cost often lead pattern like yoyo dieting instead think best approach weight loss adopting healthy nutritional lifestyle decision maintain longterm includes exercise one main pillar weight loss moderate exercise greatly contribute losing weight also keeping body mind healthy active even light exercise help may also want consider current eating habit often find snacking away night eat youre anxious stressed taking note habit help find common pitfall diet avoid unnecessary weight gain recommend keep food diary identify possible pattern youre keen using pen paper myfitnesspal feature extensive food diary many feature help start correcting eating habit asap lose much weight quickly metabolic rate decrease making weight loss journey much difficult thats crucial follow healthy weight loss plan maintains even increase metabolic rate exercise wellbalanced diet several useful tool calorie tracker food diary myfitnesspal app perfect companion weight loss effort originally published june updated april julian selemin medical ethnobotanicals writer several year experience industry ba language currently majoring contemporary music stephanie tarnacki rd food data curator myfitnesspal received bachelor dietetics university northern colorado completed dietetic internship montana state university experience extends adult neonatal intensive care diabetes kidney weight management school nutrition menu compliance find healthy happy use first third party cooky make site work required cooky analytics functional cooky personalize content ad advertising cooky may opt use certain cooky read use cooky choice privacy policy
MyFitnessPal,4/26/2024,11:38:25,https://blog.myfitnesspal.com/whats-healthier-white-or-dark-meat-chicken/,409,whether youre trying lose weight gain muscle white dark meat chicken healthy staple many diet good reason chicken wonderful source protein say mascha davis mph rd los angelesbased dietitian come animal muscle essential amino acid human need stay healthy plus protein high bioavailability meaning body easily absorbs us various function quality amino acid distribution closely mimic explains moreover chicken rich key mineral vitamin iron zinc b vitamin selenium including white dark meat chicken diet may help boost health whether opt white dark meat might depend goal nutritionist weigh pro con consider next time youre deciding whether eat white meat dark meat chicken compared dark meat chicken white meat lower fat slightly higher niacin b vitamin help convert food energy given chicken breast fairly low calorie density amount protein provided consuming chicken may promote weight loss weight maintenance say georgia rounder rd hand three ounce roasted skinless darkmeat chicken meat contains calorie fat le protein however higher myoglobin white meat dark meat chicken iron zinc higher fat twice many healthy omega fatty acid white meat davis say white meat actually le nutrientrich dark meat note rounder myoglobin special protein determines color chicken meat myoglobin darker meat nutrientrich piece meat explains white meat chicken blank slate come flavoring cooking marinate coat spice rub slather healthy sauce top salsa compote also prepare many healthy way roasting baking grilling stirfrying white meat chicken versatile protein great option people looking lower amount saturated fat diet heart health reason davis say dark meat versatile come cooking seasoning white meat higher fat content give dark meat richer juicier flavor texture rounder point also usually cheaper white meat version chicken good incorporate diet due volume nutrient provide rounder say decision ultimately depends personal health goal example watching fat may want primarily eat white meat dark meat however budget also matter often economical delicious option buy whole chicken intent eating every part davis say depending type fat overall diet day week taste good may want choose one part chicken regardless best avoid skin high unhealthy fat calorie gram saturated fat calorie per three ounce meat originally published october updated additional information february ready take next step unlock myfitnesspal premium access custom goal setting quicklog recipe guided plan registered dietitian premium user likely reach weight loss goal find healthy happy use first third party cooky make site work required cooky analytics functional cooky personalize content ad advertising cooky may opt use certain cooky read use cooky choice privacy policy
MyFitnessPal,4/26/2024,11:38:26,https://blog.myfitnesspal.com/your-comprehensive-list-of-nut-butters-and-their-health-benefits/,505,youre eager eat plantbased protein consider adding nut butter menu healthy spread brimming vitamin mineral theyre available enough flavor appeal nearly every palate variety nut butter allow u option resulting greater variety nutrient diet say katie hake rd dont love peanut butter jelly sandwich plenty way eat nut butter bake add smoothy soup research shown nut butter consumption associated lower risk type diabetes woman research found people regularly consume nut lower risk heart disease nutritional profile nut butter varies depending main ingredient form beneficial health dont allergy nut butter provide healthy fat vitamin mineral plantbased compound important good health say marie spano m rd sport nutritionist atlanta brave atlanta hawk atlanta falcon little go long way since nut butter average calorie per tablespoon serving youre grocery store trying look healthiest option keep mind look one shortest list ingredient body process better say sandra arvalo rd new yorkbased spokesperson academy nutrition dietetics try find brand doesnt added sugar sodium additive rds weigh seven great nut butter include diet triedandtrue product isnt technically nut butter since peanut considered legume nonetheless commonly consumed nut butter u longest history supermarket shelf hold distinction among nut butter peanut butter tends highest protein compared competitor say hake also rich vitamin e vitamin b number mineral including magnesium potassium help combat cholesterol improve condition anemia heart disease say arvalo also super versatile making easy pair something like banana wellbalanced snack almond butter become popular year due unique texture taste say hake two tablespoon provide important mineral like calcium iron magnesium potassium also rich vitamin e great maintenance healthy skin contains copper phosphorus help improve bone strength add arvalo although technically seed spread great option tree nut peanut allergy say spano excellent source pantothenic acid magnesium phosphorus copper manganese also good source protein folate zinc whats sunflower seed butter may particularly beneficial woman sunflower seed high amount b magnesium linked reduction cardiovascular disease menstruation difficulty premenstrual syndrome explains arvalo think hazelnut may tempted reach jar nutella instead look natural variety without chocolate salt excess sugar hazelnut butter excellent source vitamin e copper manganese also contains thiamin magnesium say spano nut butter also rich folic acid potassium aid production hormone help reduce risk certain cancer arvalo say even help reduce high blood pressure youre looking lowercalorie option try pistachio butter good source protein lower fat butter say spano also contains thiamin vitamin b phosphorous copper manganese walnut butter contains highest amount omega fatty acid beneficial brain heart health say hake creamier thicker texture compared nut butter pair nicely spice like cinnamon cashew rich many b vitamin like b b b help correct metabolic disorder say arvalo pay attention much consume though highest calorie originally published july updated august ready take next step unlock myfitnesspal premium access custom goal setting quicklog recipe guided plan registered dietitian premium user likely reach weight loss goal find healthy happy use first third party cooky make site work required cooky analytics functional cooky personalize content ad advertising cooky may opt use certain cooky read use cooky choice privacy policy
MyFitnessPal,4/26/2024,11:38:28,https://blog.myfitnesspal.com/all-about-alternatives-milk/,419,milk aisle definitely isnt used even year ago plantbased diet increasing popularity individual switching thing regular cow milk trying milk derived plant like almond coconut pea cashew oat name seems new kind plant milk popping every couple month vying title best new alt milk alt milk stack nutritionwise let take look almond milk may one og alt milk strong staying power newer plant milk think partly simple mild flavor work anything latte bowl cereal partly nutrition profile depending brand flavor almond milk differs slightly nutrient content general almond milk relatively low nutrient including protein fat carbohydrate calorie good source vitamin mineral many almond milk brand fortified vitamin b calcium pea milk one newer alt milk differentiates others good source plantbased protein gram per cup pea milk comparable cow milk soy milk protein department may good option macro important protein help promote satiety satisfaction meal make pea milk good option thing like smoothy protein shake mild flavor fairly versatile even used baking like almond milk fortified version pea milk contain vitamin calcium b potassium maybe newest alt milk oat milk guessed made oat since oat packed nutrition especially hearthealthy soluble fiber one would hope least transfer oat milk point one cup oat milk contains gram soluble fiber protein compared almond milk gram per cup since made carbohydrate oat oat milk contains carbs compared alt milk gram per cup nutrient density help make oat milk hearty filling choice great side fruit piece toast snack favorite espresso beverage coconut milk stuff kind buy alt milk aisle add delicious flavor coffee beverage yogurt cookie differ nutritionally example listed however coconut milk alt milk fat primarily made saturated fat usually found animal product also primary fat coconut saturated fat contribute elevated ldl cholesterol level recommend limiting replacing hearthealthy monounsaturated fat possible coconut milk also contains protein thats something keep mind want alt milk protein source coconut milk fairly low vitamin mineral many brand fortified vitamin calcium vitamin b alt milk great place explore youre trying include plantbased food diet differ way nutritionally one better choose alt milk flavor consistency honestly whichever one like best make sure read nutrition label know whether milk fortified important vitamin like calcium b ready take next step unlock myfitnesspal premium access custom goal setting quicklog recipe guided plan registered dietitian premium user likely reach weight loss goal find healthy happy use first third party cooky make site work required cooky analytics functional cooky personalize content ad advertising cooky may opt use certain cooky read use cooky choice privacy policy
MyFitnessPal,4/26/2024,11:38:29,https://blog.myfitnesspal.com/nutrition-scientist-on-apple-cider-vinegar-for-weight-loss/,500,amanda oliver decade experience commerce medium specifically product testing service journalism lifestyle health wellness outdoor space amanda currently executive editor commerce field stream also ryt yoga teacher nasm cpt personal trainer stephanie nelson m rd registered dietitian myfitnesspals inhouse nutrition expert nutrition scientist passionate promoting healthy lifestyle stephanie graduated san diego state university focus research disease prevention youre feeling overwhelmed conflicting nutritional advice youre alone nutribollocks series registered dietitian scientific advisory board member take hard look scientific study claim separating fact fiction dont last year apple cider vinegar blossomed trendy weight loss supplement plenty celebrity health wellness influencers touting fatburning benefit daily acv shot vinegarfilled gummies pantry staple became muchtalkedabout topic may science behind acv obsession recent study published bmj nutrition prevention health journal claim daily consumption apple cider vinegar could linked significant weight loss dedicated ensuring nutrition information share backed credible science little investigating asked dr nicola guess nutrition scientist member myfitnesspal scientific advisory board dig research tell u fact nutribollocks verdict likely nutribollocks think something simple drinking apple cider vinegar achieve weight loss goal sound good true well might right dr guess describes specific study unreliable pointing major flaw degree weight loss extremely unusual say comparing trial even trial see impact acv weight typically difference k g compared close kg weight loss see mean people losing pound per week acv reported caloric deficit dr guess note isnt line research shes seen here another thing think sometimes research study show really surprising result like one need consider design study data collected reliable enough make strong conclusion looking study dr guess didnt think good enough prove acv could actually significantly help weight loss suggested thats say apple cider vinegar zero effect weight lossjust research need done conclusive evidence study show minor benefit consuming acv arent many study human demonstrating dr guess explains consuming acv small dos tbspday lowrisk dont recommend dont depend weight loss apple cider vinegar may cureall study claim fortunately drink might help speed weight loss according mfp lead scientist stephanie nelson key stop drinking calorie caloric beverage typically high sugar dont fill way food would id recommend beverage easy swap sugary drink includes flavored sparkling water diet soda regular soda coffee sugarfree flavored creamer instead flavored latte mfp lead scientist stephanie nelson say however end day weight loss le drink trendy supplement take eat still effective lose weight tracking eating highquality diet dr guess explains thing myfitnesspal appwhich great place start goal sustainable weight loss shot vinegar necessary amanda oliver decade experience commerce medium specifically product testing service journalism lifestyle health wellness outdoor space amanda currently executive editor commerce field stream also ryt yoga teacher nasm cpt personal trainer stephanie nelson m rd registered dietitian myfitnesspals inhouse nutrition expert nutrition scientist passionate promoting healthy lifestyle stephanie graduated san diego state university focus research disease prevention find healthy happy use first third party cooky make site work required cooky analytics functional cooky personalize content ad advertising cooky may opt use certain cooky read use cooky choice privacy policy
MyFitnessPal,4/26/2024,11:38:31,https://blog.myfitnesspal.com/ultra-processed-foods-that-are-dietitian-approved/,861,catrina cowart writer editor year professional experience longtime freelance agency writer focus writing niche including health wellness medical legal travel art science technology emily sullivan rd food data curator myfitnesspal earned bachelor degree completed dietetic internship ohio state university obtained culinary art degree johnson wale university experience extends nutrition research oncology nutrition culinary nutrition education recipe development youve probably come across article social medium post saying ultraprocessed food bad health sure may truth nutritional value ultraprocessed food found isnt always black white ultraprocessed food created equal might think need toss deli meat salad dressing skip overly processed food thats necessarily case fact ultraprocessed food still play positive role diet spoke several dietitian get advice ultraprocessed food add cut diet here know ultraprocessed food upf typically packaged food created manufactured ingredientsaka thing wouldnt normally find kitchen definition formulation ingredient food substance used culinary preparation imitate quality unprocessed minimally processed item also include ingredient disguise undesirable final product translated english theyre typically packaged food created manufactured ingredientsaka thing wouldnt normally find kitchen mean cut food meal meal planning may surprised answer lot people think superprocessed food basically junk avoided whenever possible according emily sullivan dietitian work myfitnesspal thats always true one biggest misconception ultraprocessed food provide little nutritional value say reality food classification doesnt reference actual nutritional content food degree processed simply put exception fact study back usda found predesigned menu almost calorie came superprocessed food still provided nutrient need stay healthy except like choline vitamin vitamin e ultraprocessed food map come nutritious thats probably research show eating diet rich ultraprocessed food often lead negative health outcome keeping eye sugar fat salt calorie still fit diet moderation eating ultraprocessed food higher nutritional value key success improved diet quality here list ultraprocessed food myfitnesspals dietitian give thumb soy milk unsweetened almond milk considered ultraprocessed food theyre great choice diet fortified soy milk good source vitamin vitamin b calcium protein g g per serving soy milk also lack saturated fat found cow milk unsweetened almond milk good alternative dont want drink soy cow milk also upf doesnt high amount added sugar sodium whole grain cracker may fall processed ultraprocessed food category yet excellent source whole grain convenient way get top nutrient including fiber vitamin e b vitamin added benefit combine cracker le processed food bulk necessary nutrient protein powder often fall processed sometimes ultraprocessed category great solution struggle get enough protein diet alternatively protein bar likely ultraprocessed food still good way increase protein intake especially busy individual salad dressing help add flavor might otherwise bland salad like many condiment dressing often ultraprocessed purchase salad dressing sure read label try identify bestquality dressing available look salad dressing low added sugar saturated fat rice cake beneficial carbohydrate work well base peanut butter chocolate chip nut butter berry addons dont forget check food label buying upfs since rice cake additive loaded added sugar something american tend overconsume breakfast cereal come wide range flavor color texture super sweet many may want find alternative quest eat nutritious diet know even whole grain lightly sweetened breakfast cereal ultraprocessed food keeping mind look cereal contain fewer g added sugar per serving good option kashi go peanut butter crunch cereal g fiber g protein g added sugar per serving making good choice first meal day eating wholegrain bread another good way add whole grain diet commercially produced type bread ultraprocessed however getting half grain wholegrain source still recommended wholegrain food full vitamin nutrient rich fiber fiber help reduce blood cholesterol level may help reduce risk developing heart disease check nutrition label ensure bread youre eating whole grain first ingredient whole grain entire list ultraprocessed food greek yogurt one gutfriendly probiotic known eating probiotic positive effect disease diabetes osteoporosis cardiovascular condition shopping yogurt look one g added sugar several type soybased meat alternative including morningstar veggie burger chikn nugget classified ultraprocessed food good choice plantbased protein alternative soybased meat product dont much saturated fat real meat making excellent solution looking highprotein meat alternative lunch dinner tomatobased pasta sauce jar often fall ultraprocessed category theyre necessarily unhealthy option check ingredient choose next tomato spaghetti sauce le added sugar salt want add additional vegetable diet consider choosing tomatobased pasta sauce carrot onion mix put sauce wholegrain pasta make easy meal nutritional benefit look ultraprocessed food around hard imagine avoid could harmful still retaining healthier upfs diet fortunately eat item list combination unprocessed food fresh fruit vegetable youll build wellrounded diet contains nutrient body need best use myfitnesspal keep track calorie food youre eating track added sugar fat keep eye sodium intake youre consuming recommended amount place focus back upfs youre eating see cut back swap nutrientdense upfs catrina cowart writer editor year professional experience longtime freelance agency writer focus writing niche including health wellness medical legal travel art science technology emily sullivan rd food data curator myfitnesspal earned bachelor degree completed dietetic internship ohio state university obtained culinary art degree johnson wale university experience extends nutrition research oncology nutrition culinary nutrition education recipe development find healthy happy use first third party cooky make site work required cooky analytics functional cooky personalize content ad advertising cooky may opt use certain cooky read use cooky choice privacy policy
MyFitnessPal,4/26/2024,11:38:32,https://blog.myfitnesspal.com/are-mocktails-healthy-what-a-dietitian-wants-you-to-know/,192,mocktails nonalcoholic alternative cocktail gained popularity refreshing sociable beverage choice rise sober curiosity trend since played significant role increased interest mocktails trend coupled initiative like dry january encouraged people explore enjoy world alcoholfree drink mocktails healthy opportunity sit daisy mercer dietitian work myfitnesspal gain insight nutritional aspect mocktails fit balanced diet mercer appreciates mocktails excellent substitute alcoholic beverage especially social setting mocktails great alternative alcohol many social gathering revolve around drinking uncomfortable someone drinking dont drink hand word yes mocktails definitely healthy alternative cocktail alcoholic beverage nuance understand make mocktails healthy look buying making mocktails numerous study corroborate health advantage mocktails ton buy grocery store make home recommend starting youre new mocktailmaking scene choose additional mocktail recipe also sharing mocktail inspo tiktok instagram choosing mocktails alcoholic counterpart generally aligns health wellness goal remember make informed choice read nutrition label specifically paying attention caloric added sugar content sip easy knowing youre making decision aligns health goal probably wont miss hangover either find healthy happy use first third party cooky make site work required cooky analytics functional cooky personalize content ad advertising cooky may opt use certain cooky read use cooky choice privacy policy
MyFitnessPal,4/26/2024,11:38:32,https://blog.myfitnesspal.com/ask-the-rd-whats-the-healthiest-cooking-oil/,632,cooking oil differ nutrient flavor profile level heat withstand helpful include variety diet like food product misinformation floating around especially fat content unfairly demonized fat essential macronutrient body requires cell growth absorption important nutrient like vitamin b energy moreover cooking nutrientrich food like vegetable lean protein oil help caramelize browning natural sugar amino acid depth flavor keep satiated longer fat also add creaminess thing like salad dressing theyre enjoyable dont feel need mindlessly snack meal here look five popular cooking oil compare nutritionally avocado oil gained popularity recent year rightfully pressed avocado like olive oil high hearthealthy monounsaturated fat oleic acid avocado oil also rich vitamin e powerful antioxidant health benefit choose unrefined coldpressed avocado oil avocado oil higher smoke point around f c olive oil better suited highheat cooking pleasant flavor avocado oil also excellent salad dressing base used aioli accompany veggie canola oil developed canada thats got name canola crossbreeding rapeseed plant contain fewer toxic compound canola oil considered refined meaning go chemical processing production may effect fatty acid quality reduce nutrient content however contains monounsaturated polyunsaturated fat also high linoleic acid omega fatty acid omega fat important inflammatory consumed disproportionately higher amount omega fatty acid typical western diet much higher omega fat compared omega fat found whole food like fatty fish walnut flaxseed partly canola oil found large variety processed food canola oil high smoke point f c used highheat cooking mild neutral flavor used variety cooking method sauteing stirfrying grilling baking coconut oil moment sun year ago though popularity seems slowed still occasional tool kitchen made pressing fresh coconut meat extracting oil least processed version typically labeled virgin coldpressed opposed refined unlike cooking oil coconut consists primarily saturated fat solid room temperature bit different saturated fat found animal product like butter however saturated fat coconut oil mediumchain fatty acid called lauric acid thought lauric acid absorbed quickly body used energy opposed stored fat regardless numerous study found coconut oil may contribute elevated ldl cholesterol level triglyceride shouldnt considered hearthealthy oil coconut oil contain significant amount vitamin mineral macronutrients coconut oil smoke point around f c used occasionally make sense example add nice flavor sauted vegetable curry dish substitute butter baking recipe olive oil also good source vitamin e k support heart bone health respectively olive oil derived olive pressed extract oil extra virgin oil least processed form olive oil nutritious antioxidant content also richest flavor olive oil good source monounsaturated fat especially oleic acid important cardiac health reducing inflammation may help lower ldl total cholesterol consuming mediterranean diet rich olive oil may also help reduce risk breast cancer found large randomized clinical trial olive oil smoke point around f c used sauteing frying mediumhigh heat roasting veggie base salad dressing thanks delicious flavor sunflower oil made pressing oil sunflower seed excellent source vitamin e high polyunsaturated fatty acid like canola oil sunflower oil high omega fatty acid consumed frequently much higher amount omega fat inflammatory however many sunflower oil contain higher amount oleic acid monounsaturated fat may similar heart health benefit compared high oleic acid oil sunflower oil high smoke point f c used highheat cooking mild flavor used variety saute stirfries even baking recipe youre looking nutrientdense option olive oil scientific research backing numerous health benefit said always important include variety diet take account youre making heat level need cooking desired flavor profile choosing oil use couple option kitchen arsenal best way keep diet exciting enjoyable originally published november updated january ready take next step unlock myfitnesspal premium access custom goal setting quicklog recipe guided plan registered dietitian premium user likely reach weight loss goal find healthy happy use first third party cooky make site work required cooky analytics functional cooky personalize content ad advertising cooky may opt use certain cooky read use cooky choice privacy policy
MyFitnessPal,4/26/2024,11:38:33,https://blog.myfitnesspal.com/semaglutide-nutrition-plan-by-myfitnesspal/,162,lauren joskowitz editorial director myfitnesspal certified holistic nutritionist producer host clean body podcast follower instagram using semaglutide medication like ozempic wegovy brand new glp nutrition plan designed collaboration esteemed scientific advisory council may surveyed people aged across united state respondent said would benefit regular update content glp medication related nutrition responding call nutrition assistance designed day glp nutrition plan accessible free everyone using myfitnesspal app myfitnesspal member navigating weight loss semaglutide medication comprehensive plan offer maya feller m rd cdna foundational member scientific advisory councilarticulated urgency situational nutritional advice weight loss industry rapidly growing glps leading charge yet comprehensive semaglutide nutritional guidance remains scarce crucial individual medication access tailored nutrition lifestyle strategy myfitnesspal filling gap lauren joskowitz editorial director myfitnesspal certified holistic nutritionist producer host clean body podcast follower instagram find healthy happy use first third party cooky make site work required cooky analytics functional cooky personalize content ad advertising cooky may opt use certain cooky read use cooky choice privacy policy
MyFitnessPal,4/26/2024,11:38:34,https://blog.myfitnesspal.com/a-beginners-guide-to-running-for-weight-loss/,722,shayan kashani public speaker editor poet essayist freelance writer based canada summer also writes road throughout international travel shayan specializes writing travel education hospitality medicine technology joanna gregg rd food data curator myfitnesspal earned bachelor degree nutrition georgia state university obtained master degree university nebraska regular physical activity vital anyone trying lose maintain healthy weight many thing burn body fat create calorie deficit help get shape real question cardiovascular exercise best weight loss swimming cycling running excellent workout consistently enjoy running youre luck running great way burn calorie promote weight loss compared form exercise one study show running burn calorie per mile take time run mile rather biking youre starting journey better health considering running weight loss guide provide seven easy tip running pun intended know yes note impossible specifically go running lose belly fat thats exercise work crunch day strengthen abdomen way shrink belly losing overall body fat running terrific option course going run isnt effective way lose weight example minute highintensity interval training help torch calorie even faster prefer le intense exercise level running great way go might also like everyday way burn calorie decade ago lawrence berkeley national laboratory released study showing positive correlation running weight loss recently czech study adult runner confirmed earlier finding concluding regular running workout lose weight improves physical fitness significantly reducing body fat skin well around organ translation jogging weight loss work youre beginner determined lose weight running keep reading learn start racking mile shedding pound time youre focused longterm goal little detail matter use strategy get run run created equal lace good know different type benefit best beginner running weight loss new runner focused losing weight make critical fueling mistake eating enough carbs impede longterm goal thats one best way lose weight running combine diet support physical activity youve never run arent used regular exercise normal intimidated first good news dont start running firsttimers begin simply walking every day people halfhour walk may even burn fat thirty minute workout starting slow added benefit enjoyable sustainable minimizing risk injury get comfortable body adjusts new exercise routine slowly progress walking running youre running regular basis there something else look forward youve probably heard euphoric experience long run caused brain releasing endorphin neurochemical good news runner high real thing although arent likely hit runner high beginner something look forward slowly build pace frequency distance run fun fact workout tracked per minute myfitnesspal app every runner need stay hydrated crucial beginner demanding body hydration provides energy improves performance affect mood breathing may even increase metabolic rate risk associated dehydration range minor headache cramping severe complication heart disease heat stroke apps like myfitnesspal incredibly useful beginner since help track hydration throughout day going run great workout youre unlikely see change current weight without consistency one way keep track create running schedule lose weight whether start one two run per week choose frequent routine staying disciplined help body adjust faster regardless weight loss running plan stick schedule consistent order make running longterm improvement myfitnesspal factor calorie lose run daily caloric goal giving extra boost motivation get hit pavement yes mentioned worth repeating importance balanced nutritious diet complement physical activity people excited see result start running try accelerate weight loss eating le method yoyo dieting arent sustainable negative impact including regaining weight lost running finally getting enough sleep night health benefit directly impact weight loss regulating metabolism appetite improving running endurance keeping hunger hormone check sleep feature myfitnesspal also provide invaluable insight sleep pattern helping optimize sleep identifying food inhibiting sleep might also likeimprove sleep myfitnesspals new plan although running help reach goal weight loss isnt trip around block runwalk program fantastic jumpstarting journey keeping weight longterm requires consistency diet account caloric intake thats myfitnesspal help right tool resource overcome past hurdle take mystery weight loss help achieve fitness goal create free account get started lace million others running weight loss fitness fulfillment shayan kashani public speaker editor poet essayist freelance writer based canada summer also writes road throughout international travel shayan specializes writing travel education hospitality medicine technology joanna gregg rd food data curator myfitnesspal earned bachelor degree nutrition georgia state university obtained master degree university nebraska find healthy happy use first third party cooky make site work required cooky analytics functional cooky personalize content ad advertising cooky may opt use certain cooky read use cooky choice privacy policy
MyFitnessPal,4/26/2024,11:38:36,https://blog.myfitnesspal.com/what-are-healthiest-coffee-creamers/,599,youre among million american enjoy creamy texture hint flavor morning brew youre probably constantly looking best healthy coffee creamer since many option come high sugar content enjoying morning routine without unnecessary calorie affecting health goal challenging good news plenty healthy creamer option choose today providing top pick best alternative replace traditional coffee creamer preserve sanctity daily coffee ritual true enthusiast best coffee creamer isnt low fat sugar also highquality ingredient natural flavor make concession taste although many healthy option available weve scoured shelf consulted registered dietitian katherine basbaum compile list healthiest coffee creamer three category healthiest powdered coffee creamer dairy creamer plantbased creamer far powdered nondairy coffee creamer go dont get much healthier think creamer four sigmatic calorie per serving added sugar consider switching healthiest coffee creamer weight loss wont believe rich flavorful coffee get le teaspoon unique coffee creamer even added benefit creamy powder infused organic lion mane positively affect mental focus enhancing memory function organic option also us tea extract ltheanine according basbaum ltheanine offer sustained energy promote mental health nutritional content per suggested serving tbsp prymal creamer cinnamon dolce imagine morning latte thats delicious favorite big brand cinnamon dulce zero gram sugar instead thats get prymal wide selection including salted caramel french vanilla butter pecan prymals powdered coffee creamer completely sugarfree artificial flavor pick cinnamon dolce us natural plantbased ingredient monk fruit stevia authentic cinnamon brown sugar taste natural coffee creamer also includes coconut oil erythritol chicory root extract basbaum say since there added glucose great option keto diet anyone want reap benefit cutting back sugar nutritional content per suggested serving tsp chobani dairy coffee creamer sweet cream anyone want lowfat creamer made real dairy product chobani line line perfect using four ingredient real milk natural cream cane sugar natural flavor creamer contain artificial flavor sweetener preservative emulsifier carrageenan nine variety chobani creamer ideal coffee enthusiast dont mind dash extra sweetness morning brew nutritional content per suggested serving tbsp delicious dairyfree organic coconut creamer french vanilla come milk alternative organic coconut creamer calorie per serving gram fat stand vegan glutenfree nutfree healthy creamer coffee delicious us organic ingredient rich creamy texture right amount natural sweetness added oil nongmo project certification french vanilla one healthiest plantbased coffee creamer buy nutritional content per suggested serving tbsp elmhurst almond milk barista edition there reason almond milk elmhurst called barista edition quality good dairyfree oil gum filler emulsifier preservative special edition almond milk us patented hydrorelease method preserve nutritional density integrity result silky smooth milk ideal steaming foaming basbaum add benefit switching plantbased milk beginning pile kosher glutenfree option ideal take coffee without sugar nutritional content per suggested serving ml natural bliss creamer healthy yes although didnt make list nestle natural bliss coffee creamer another healthy option made natural cream artificial flavor contains calorie per serving great choice morning coffee coffee creamer without oil many healthy coffee creamer added oil gum three brand list elmhurst delicious chobani fall category two option include nutpods dairyfree creamer pistachio crme oat creamer elmhurst almond creamer healthy every brand almond creamer brand contain additive high fructose corn syrup affecting overall health remember read ingredient list check added sweetener switching brand want learn nutrition information coffee drink choice favorite food myfitnesspal provides straightforward nutritional information making easier make smart food choice support health goal whether youre counting every macro want discover healthy alternative download app join almost million user year achieve health goal find healthy happy use first third party cooky make site work required cooky analytics functional cooky personalize content ad advertising cooky may opt use certain cooky read use cooky choice privacy policy
MyFitnessPal,4/26/2024,11:38:36,https://blog.myfitnesspal.com/whats-the-difference-between-tofu-tempeh-and-seitan/,818,christine trained chef recipe developer recently relocated new york city durham north carolina started career restaurant line cook became food editor buzzfeed later feature editor self follow twitter christinejbyrne instagram xtinebyrne lot breakfast photo outdoorsy thing really cute video dog bos emily sullivan rd food data curator myfitnesspal earned bachelor degree completed dietetic internship ohio state university obtained culinary art degree johnson wale university experience extends nutrition research oncology nutrition culinary nutrition education recipe development plantbased meat alternative moment sun even consumer arent fulltime vegetarian vegan know seven american eat plantbased food return household buying plantbased meal repeat buyer health primary reason people go plantbased science back choice eating plantbased food help reduce certain health risk like heart disease high blood pressure fortunately plenty meat alternative explore one popular comparison tempeh v tofu v seitan plantbased trifecta let dive according institute medicine protein make calorie includes plantbased protein tofu bean curd popular meat substitute consisting soybean water soywater mix becomes tofu add coagulant thickens bind mixture three type tofu coagulant different chemical effect soy protein scientist studying three learn make best tofu tldr tofu consists soybean water made paste binding agent tofu get harder press water tofu industry sorted tofu different hardness three basic type commercial tofu one label variation mediumfirm extrafirm popular option end though tofu spectrum water press firmer get tofu soy offer long list health benefit example different type tofu different nutrition profile example firmer tofu higher protein content softer tofu denser contains soy per square inch find specific myfitnesspal app might even inspire try new type tldr tofu good heart health help body meet nutrition need build muscle tempeh another soybased plant protein traditionally come indonesia still popular soy product making tempeh start soaking soybean typically overnight boiling draining fermenting boiled soybean mixed fungus called rhizopus oligosporus people call tempeh starter fermentation process take day two time white mold grows bean bind large sheet cut cook tldr tempeh fermented soaked soybean made solid block tempeh tofu soybased worth trying youre interested plantbased diet eat soy tofu tempeh food tempeh fermented different taste texture fermentation process also change nutritional profile let look nutritional difference tempeh tofu using myfitnesspal app compare oz serving tempeh firm tofu tempeh tempeh v tofu protein faceoff tempeh clear winner tempeh also dietary fiber potassium vitamin nutrient arent consideration tempeh stronger taste known bold nutty flavor tofu famously neutral take dish highlight flavor tldr tempeh tofu tempeh win protein contains carbs tofu also stronger taste oz serving tempeh contains fat tempeh unsaturated ratio two gram unsaturated one gram saturated trans fat celiac disease gluten intolerance youll want skip section body okay wheat time try seitan vegan protein made wheat gluten get seitan extracting gluten wheat mixing water add spice voil seitan protein gluten knew turn ancient chinese legend say buddhist monk created seitan sixth century ce even way eat healthier without missing benefit meat seitans texture much like chicken people call wheat meat perfect want food like tofu without tofu silky mouthfeel also make good substitute tempeh nutty taste isnt favorite main downside seitan doesnt include lysine essential amino acid technically mean seitan isnt complete protein dont worry still healthy need source protein tldr seitan essentially wheat gluten usually spice added seitan processed food meaning altered natural state create seitan must extract gluten natural state within wheat said seitan processed others storebought seitan includes preservative reach safely also buy flavored seitan product might contain sauce added sugar oil ingredient always check ingredient list kind seitan youre buying whats added want minimally processed seitan best bet making home primary ingredient vital wheat gluten buy specialty store tldr storebought seitan usually processed make home oz serving seitan contains closest comparison meat substitutewise tempeh v seitan tempeh slightly le protein fewer carbs le fat compared tofu seitan significantly protein tofu contains g per oz serving seitan also carbs making tradeoff people seitan v tofu v tempeh two soybased one wheatbased versatile similar macro profile choose thing foodrelated depends nutrition need determine choice meat substitute course sense taste play part meat alternative absorb flavor whatever cook theyre kind famous prepare protein favorite herb spice et voil customized protein prepare tempeh tofu seitan favorite herb spice instant customized protein download myfitnesspal plantbased recipe inspiration originally published november updated april christine trained chef recipe developer recently relocated new york city durham north carolina started career restaurant line cook became food editor buzzfeed later feature editor self follow twitter christinejbyrne instagram xtinebyrne lot breakfast photo outdoorsy thing really cute video dog bos emily sullivan rd food data curator myfitnesspal earned bachelor degree completed dietetic internship ohio state university obtained culinary art degree johnson wale university experience extends nutrition research oncology nutrition culinary nutrition education recipe development find healthy happy use first third party cooky make site work required cooky analytics functional cooky personalize content ad advertising cooky may opt use certain cooky read use cooky choice privacy policy
MyFitnessPal,4/26/2024,11:38:37,https://blog.myfitnesspal.com/best-foods-semaglutide-according-to-expert/,630,amanda oliver decade experience commerce medium specifically product testing service journalism lifestyle health wellness outdoor space amanda currently executive editor commerce field stream also ryt yoga teacher nasm cpt personal trainer m feller owns maya feller nutrition team focus provision culturally responsive medical nutrition therapy cardiovascular disease diabetes mood disorder disordered eating author eating root healthy homecooked favorite culture around world goop press cohost well podcast slate new wellness podcast semaglutide glp medicationslike ozempic wegovyare rage weight loss community day people social medium touting weight loss benefit prescription diabetes drug similar obesity medication may much percent last year according one report eat semaglutide well released glp nutrition plan myfitnesspal app dedicated medication make feel fuller faster youll likely eat smaller portion mean want get bang buck term nutrition thats many expert recommend eating wellbalanced diet best result exactly mean there onesizefitsall answer general guideline eat ozempic semaglutide medication spoke registered dietitian myfitnesspal scientific advisor maya feller m rd cdn shared food may helpful bone broth bone broth pull double duty protein source hydration source drfeller recommends drinking ounce day part daily liquid intake bone broth contains electrolyte like sodium potassium magnesium may help keep hydrated better plain water one study show date really believe people enjoy sweet mindful intentional way want feller say make u happier satisfy sugary craving recommends date theyre good source fiber high fiber may spike blood sugar much dried fruit consumed moderation one thing note youre dealing early satiety feller advises limiting many date youre snacking time potein important explains dont fill date miss important macronutrient tofu protein essential macronutrient everyone including semaglutide dr feller big fan plant protein particular pointing american arent eating nearly enough plant daytoday basis like tofu healthy plantbased protein source according usda halfcup serving tofu gram protein along benefit proteinlike better bone health appetite regulationtofu also shown reduce risk heart disease help lower cholesterol might also like tofu v tempeh v seitan main difference seafood seafood another good source lean protein also contains polyunsaturated fatty acid pufas study shown pufas antiinflammatory property help prevent health condition like arthritis cardiovascular disease also support immune health lower blood pressure specific seafood best dr feller say whatever accessible affordable whether thats shrimp salmon kind fish key choose seafood close unadulterated form possible minimal added sugar salt fat summer squash cucumber staying hydrated semaglutide medication important drinking water easy way also rehydrate eating certain food dr feller suggests adding vegetable high water contentlike cucumber zucchini summer squashesinto diet provide fluid help digestion also nutritional value winwin cruciferous vegetable dr feller like cruciferous veggie like cabbage broccoli cauliflower brussels sprout primarily gut health benefit contain certain compound promote growth healthy gut bacteria balance microbiome research shown may reduce risk certain type cancer theyre also high fiber help improve digestion keep regular especially important youre taking ozempic slows digestive system increase long take food waste exit body youre taking semaglutide medication like ozempicor plan futureand need guidance check myfitnesspals new day glp nutrition plan provides expertbacked tool technique help achieve sustainable weight loss healthier habit whether thats learning determine protein need eat fiber daily plan help hit goal waiting start free glp nutrition plan today amanda oliver decade experience commerce medium specifically product testing service journalism lifestyle health wellness outdoor space amanda currently executive editor commerce field stream also ryt yoga teacher nasm cpt personal trainer m feller owns maya feller nutrition team focus provision culturally responsive medical nutrition therapy cardiovascular disease diabetes mood disorder disordered eating author eating root healthy homecooked favorite culture around world goop press cohost well podcast slate new wellness podcast find healthy happy use first third party cooky make site work required cooky analytics functional cooky personalize content ad advertising cooky may opt use certain cooky read use cooky choice privacy policy
